{
    "code": "pachycephalosauria",
    "class": "EntityAgent",
    "variantgroups": [
        {"code": "type","states": ["pachycephalosaurus","platytholus","prenocephale","stegoceras","hanssuesia","sinocephale","sphaerotholus","tylocephale","homalocephale","acrotholus","goyocephale","foraminacephale","alaskacephale","colepiocephale","amtocephale","wannanosaurus"]},
        {"code": "age","states": [ "adult","baby"]},
        {"code": "gender","states": ["male","female"]},
    ],
    "fallDamageMultiplierByType": {
		"*-baby-*" :0.5,
		"*-pachycephalosaurus-adult-*":0.8,
		"*-platytholus-adult-*":0.7,
		"*-prenocephale-adult-*":0.6,
		"*-stegoceras-adult-*":0.6,
		"*-hanssuesia-adult-*":0.6,
		"*-sinocephale-adult-*":0.6,
		"*-sphaerotholus-adult-*":0.6,
		"*-tylocephale-adult-*":0.6,
		"*-homalocephale-adult-*":0.6,
		"*-acrotholus-adult-*":0.6,
		"*-goyocephale-adult-*":0.6,
		"*-foraminacephale-adult-*":0.6,
		"*-alaskacephale-adult-*":0.6,
		"*-colepiocephale-adult-*":0.6,
		"*-amtocephale-adult-*":0.6,
		"*-wannanosaurus-adult-*":0.5,
    },
    "canClimb": true,
    "canClimbAnywhere": true,
    "hitBoxSizeByType": {
			"*-pachycephalosaurus-adult-*": {"x": 1.0,"y": 1.5}, "*-pachycephalosaurus-baby-*": {"x": 0.2,"y": 0.5},
			"*-platytholus-adult-*": {"x": 0.6,"y": 1.0}, "*-platytholus-baby-*": {"x": 0.1,"y": 0.3},
			"*-prenocephale-adult-*": {"x": 0.5,"y": 0.8}, "*-prenocephale-baby-*": {"x": 0.1,"y": 0.2},
			"*-stegoceras-adult-*": {"x": 0.6,"y": 0.8}, "*-stegoceras-baby-*": {"x": 0.1,"y": 0.2},
			"*-hanssuesia-adult-*": {"x": 0.5,"y": 0.7}, "*-hanssuesia-baby-*": {"x": 0.1,"y": 0.2},
			"*-sinocephale-adult-*": {"x": 0.5,"y": 0.7}, "*-sinocephale-baby-*": {"x": 0.1,"y": 0.2},
			"*-sphaerotholus-adult-*": {"x": 0.5,"y": 0.7}, "*-sphaerotholus-baby-*": {"x": 0.1,"y": 0.2},
			"*-tylocephale-adult-*": {"x": 0.5,"y": 0.7}, "*-tylocephale-baby-*": {"x": 0.1,"y": 0.2},
			"*-homalocephale-adult-*": {"x": 0.4,"y": 0.6}, "*-homalocephale-baby-*": {"x": 0.1,"y": 0.2},
			"*-acrotholus-adult-*": {"x": 0.4,"y": 0.6}, "*-acrotholus-baby-*": {"x": 0.1,"y": 0.2},
			"*-goyocephale-adult-*": {"x": 0.4,"y": 0.5}, "*-goyocephale-baby-*": {"x": 0.1,"y": 0.2},
			"*-foraminacephale-adult-*": {"x": 0.4,"y": 0.5}, "*-foraminacephale-baby-*": {"x": 0.1,"y": 0.2},
			"*-alaskacephale-adult-*": {"x": 0.4,"y": 0.5}, "*-alaskacephale-baby-*": {"x": 0.1,"y": 0.2},
			"*-colepiocephale-adult-*": {"x": 0.3,"y": 0.4}, "*-colepiocephale-baby-*": {"x": 0.1,"y": 0.1},
			"*-amtocephale-adult-*": {"x": 0.3,"y": 0.4}, "*-amtocephale-baby-*": {"x": 0.1,"y": 0.1},
			"*-wannanosaurus-adult-*": {"x": 0.2,"y": 0.3}, "*-wannanosaurus-baby-*": {"x": 0.0,"y": 0.1},
		},

    "deadhitBoxSizeByType": {"*-adult-*":{	"x": 0.6,"y": 1},"*-baby-*":{	"x": 0.2,"y": 0.2}},
    "eyeHeightByType": {"*":1},
    "weightByType": {"*-adult-*":4000,"*-baby-*":10},
    "knockbackResistanceByType": {"*-adult-*": 1,"*-baby-*": 0	},

    "drops": [],
    "attributes": {
		"tamedByType": {"*": false },
		"killedByInfoText": "deadcreature-killed",
		"handbook": {"groupcode": "creaturegroup-pachycephalosauria"},
		"minGenerationToAllowHealing": 0,
		"creatureDiet": {
			"foodCategories": ["Fruit", "Vegetable", "Grain"],
			"foodTags": ["fruitmash","nibblecrops", "sweetBerryBush","grass"]
			},
		},
	"behaviorConfigs": {
		"rideableaccessories": {
			"wearableSlots": [
				{"code": "head", "forCategoryCodes": ["pachybridle"], "attachmentPointCode": "HeadAP" },
				{"code": "face", "forCategoryCodes": [], "attachmentPointCode": "FaceAP" },
				{"code": "neck", "forCategoryCodes": [], "attachmentPointCode": "NeckAP" },
				{"code": "middleback", "forCategoryCodes": ["pachybsaddle"], "attachmentPointCode": "MidAP", },
			]
		},
		"selectionboxes": {
			"selectionBoxes": ["HeadAP","FaceAP", "NeckAP", "MidAP"]
		},
		"rideable": {
			"interactMountAnySeat": true,
			"seats": [
				{ "apName": "Rider", "selectionBox": "NeckAP", "bodyYawLimit": 0.2, "controllable": true,
					"mountOffsetByType": {
						"*": {"x":0,"y":0.0,"z":0},
					}
				},
			],
			"controls": {
				"idle": {
					"weight": 1,
					"riderAnim": {
						"animation": "rideelk-idle",
						"animationSpeed": 0.00000001,
						"weight": 1,
						"withFpVariant": true,
						"blendMode": "Average",
						"elementWeight": {
							"LowerTorso": 80,
							"UpperTorso": 80,
							"UpperFootR": 80,
							"UpperFootL": 80,
							"LowerFootR": 80,
							"LowerFootL": 80
						},
						"elementBlendMode": {
							"LowerTorso": "Average",
							"UpperTorso": "Average",
							"UpperFootR": "Average",
							"UpperFootL": "Average",
							"LowerFootR": "Average",
							"LowerFootL": "Average"
						}
					}
				},
				"swim": {
					"animation": "Swim",
					"movespeedByType": {
							"*-baby-*": 0.004,
							"*-adult-*": 0.01,

						},
						"animationSpeedByType": {
							"*-baby-*": 1,
							"*-adult-*": 1,
						},
					"weight": 10,
					"blendMode": "Average",
					"riderAnim": {
						"animation": "rideelk-walk",
						"animationSpeed": 1,
						"weight": 1,
						"withFpVariant": true,
						"blendMode": "Average",
						"elementWeight": {
							"LowerTorso": 80,
							"UpperTorso": 80,
							"UpperFootR": 80,
							"UpperFootL": 80,
							"LowerFootR": 80,
							"LowerFootL": 80
						},
						"elementBlendMode": {
							"LowerTorso": "Average",
							"UpperTorso": "Average",
							"UpperFootR": "Average",
							"UpperFootL": "Average",
							"LowerFootR": "Average",
							"LowerFootL": "Average"
						}
					}
				},
				"walk": {
					"animation": "Walk",
					"weight": 10,
					"movespeedByType": {
							"*-baby-*": 0.006,
							"*-adult-*": 0.01,

						},
						"animationSpeedByType": {
							"*-baby-*": 1,
							"*-adult-*": 1,
						},
					"blendMode": "Average",
					"riderAnim": {
						"animation": "rideelk-walk",
						"animationSpeed": 1,
						"weight": 1,
						"withFpVariant": true,
						"blendMode": "Average",
						"elementWeight": {
							"LowerTorso": 80,
							"UpperTorso": 80,
							"UpperFootR": 80,
							"UpperFootL": 80,
							"LowerFootR": 80,
							"LowerFootL": 80
						},
						"elementBlendMode": {
							"LowerTorso": "Average",
							"UpperTorso": "Average",
							"UpperFootR": "Average",
							"UpperFootL": "Average",
							"LowerFootR": "Average",
							"LowerFootL": "Average"
						}
					}
				},
				"walkback": {
					"animation": "Walk",
					"weight": 10,
					"movespeedByType": {
						"*-adult-*": 0.01,
					},
					"animationSpeedByType": {
						"*": 1
					},
					"easeInSpeed": 1,
					"easeOutSpeed": 3,
					"blendMode": "Average",
					"riderAnim": {
						"animation": "rideelk-walk",
						"animationSpeed": 1,
						"weight": 1,
						"withFpVariant": true,
						"blendMode": "Average",
						"elementWeight": {
							"LowerTorso": 80,
							"UpperTorso": 80,
							"UpperFootR": 80,
							"UpperFootL": 80,
							"LowerFootR": 80,
							"LowerFootL": 80
						},
						"elementBlendMode": {
							"LowerTorso": "Average",
							"UpperTorso": "Average",
							"UpperFootR": "Average",
							"UpperFootL": "Average",
							"LowerFootR": "Average",
							"LowerFootL": "Average"
						}
					}
				},
				"sprint": {
					"animation": "Run",
					"weight": 10,
						"priority": 2.1,
						"movespeedByType": {
							"*-adult-*": 0.06,

						},
						"animationSpeedByType": {
							"*-adult-*": 3.5
						},
					"blendMode": "Average",
					"riderAnim": {
						"animation": "rideelk-run",
						"animationSpeed": 2,
						"weight": 1,
						"withFpVariant": true,
						"blendMode": "Average",
						"elementWeight": {
							"LowerTorso": 80,
							"UpperTorso": 80,
							"UpperFootR": 80,
							"UpperFootL": 80,
							"LowerFootR": 80,
							"LowerFootL": 80
						},
						"elementBlendMode": {
							"LowerTorso": "Average",
							"UpperTorso": "Average",
							"UpperFootR": "Average",
							"UpperFootL": "Average",
							"LowerFootR": "Average",
							"LowerFootL": "Average"
						}
					}
				},
				"jump": {
					"animation": "Walk",
					"weight": 50,
					"easeOutSpeed": 40,
					"blendMode": "Average",
					"animationSpeed": 1,
					"movespeed": 0.08,
					"riderAnim": {
						"animation": "rideelk-jump",
						"animationSpeed": 1,
						"weight": 10,
						"withFpVariant": true,
						"blendMode": "Average",
						"elementWeight": {
							"LowerTorso": 160,
							"UpperTorso": 160,
							"UpperFootR": 160,
							"UpperFootL": 160,
							"LowerFootR": 160,
							"LowerFootL": 160
						},
						"elementBlendMode": {
							"LowerTorso": "Average",
							"UpperTorso": "Average",
							"UpperFootR": "Average",
							"UpperFootL": "Average",
							"LowerFootR": "Average",
							"LowerFootL": "Average"
						}
					}
				}
			}
		},
		"ownable": {
			"groupCode": "mountableanimal"
		}
	},
    "client": {
        "renderer": "Shape",
        "shapeByType": {
			"*-pachycephalosaurus-adult-*": {"base": "entity/land/pachycephalosauria/pachycephalosaurus/adult"}, "*-pachycephalosaurus-baby-*": {"base": "entity/land/pachycephalosauria/pachycephalosaurus/baby"},
			"*-platytholus-adult-*": {"base": "entity/land/pachycephalosauria/platytholus/adult"}, "*-platytholus-baby-*": {"base": "entity/land/pachycephalosauria/platytholus/baby"},
			"*-prenocephale-adult-*": {"base": "entity/land/pachycephalosauria/prenocephale/adult"}, "*-prenocephale-baby-*": {"base": "entity/land/pachycephalosauria/prenocephale/baby"},
			"*-stegoceras-adult-*": {"base": "entity/land/pachycephalosauria/stegoceras/adult"}, "*-stegoceras-baby-*": {"base": "entity/land/pachycephalosauria/stegoceras/baby"},
			"*-hanssuesia-adult-*": {"base": "entity/land/pachycephalosauria/hanssuesia/adult"}, "*-hanssuesia-baby-*": {"base": "entity/land/pachycephalosauria/hanssuesia/baby"},
			"*-sinocephale-adult-*": {"base": "entity/land/pachycephalosauria/sinocephale/adult"}, "*-sinocephale-baby-*": {"base": "entity/land/pachycephalosauria/sinocephale/baby"},
			"*-sphaerotholus-adult-*": {"base": "entity/land/pachycephalosauria/sphaerotholus/adult"}, "*-sphaerotholus-baby-*": {"base": "entity/land/pachycephalosauria/sphaerotholus/baby"},
			"*-tylocephale-adult-*": {"base": "entity/land/pachycephalosauria/tylocephale/adult"}, "*-tylocephale-baby-*": {"base": "entity/land/pachycephalosauria/tylocephale/baby"},
			"*-homalocephale-adult-*": {"base": "entity/land/pachycephalosauria/homalocephale/adult"}, "*-homalocephale-baby-*": {"base": "entity/land/pachycephalosauria/homalocephale/baby"},
			"*-acrotholus-adult-*": {"base": "entity/land/pachycephalosauria/acrotholus/adult"}, "*-acrotholus-baby-*": {"base": "entity/land/pachycephalosauria/acrotholus/baby"},
			"*-goyocephale-adult-*": {"base": "entity/land/pachycephalosauria/goyocephale/adult"}, "*-goyocephale-baby-*": {"base": "entity/land/pachycephalosauria/goyocephale/baby"},
			"*-foraminacephale-adult-*": {"base": "entity/land/pachycephalosauria/foraminacephale/adult"}, "*-foraminacephale-baby-*": {"base": "entity/land/pachycephalosauria/foraminacephale/baby"},
			"*-alaskacephale-adult-*": {"base": "entity/land/pachycephalosauria/alaskacephale/adult"}, "*-alaskacephale-baby-*": {"base": "entity/land/pachycephalosauria/alaskacephale/baby"},
			"*-colepiocephale-adult-*": {"base": "entity/land/pachycephalosauria/colepiocephale/adult"}, "*-colepiocephale-baby-*": {"base": "entity/land/pachycephalosauria/colepiocephale/baby"},
			"*-amtocephale-adult-*": {"base": "entity/land/pachycephalosauria/amtocephale/adult"}, "*-amtocephale-baby-*": {"base": "entity/land/pachycephalosauria/amtocephale/baby"},
			"*-wannanosaurus-adult-*": {"base": "entity/land/pachycephalosauria/wannanosaurus/adult"}, "*-wannanosaurus-baby-*": {"base": "entity/land/pachycephalosauria/wannanosaurus/baby"},
		},
         "textureByType": {
            "*-pachycephalosaurus-adult-*":{"base": "entity/pachycephalosaurus-adult"},"*-pachycephalosaurus-baby-*":{"base": "entity/pachycephalosaurus-adult"},
			"*-platytholus-adult-*":{"base": "entity/platytholus-adult"},"*-platytholus-baby-*":{"base": "entity/platytholus-adult"},
			"*-prenocephale-adult-*":{"base": "entity/prenocephale-adult"},"*-prenocephale-baby-*":{"base": "entity/prenocephale-adult"},
			"*-stegoceras-adult-*":{"base": "entity/stegoceras-adult"},"*-stegoceras-baby-*":{"base": "entity/stegoceras-adult"},
			"*-hanssuesia-adult-*":{"base": "entity/hanssuesia-adult"},"*-hanssuesia-baby-*":{"base": "entity/hanssuesia-adult"},
			"*-sinocephale-adult-*":{"base": "entity/sinocephale-adult"},"*-sinocephale-baby-*":{"base": "entity/sinocephale-adult"},
			"*-sphaerotholus-adult-*":{"base": "entity/sphaerotholus-adult"},"*-sphaerotholus-baby-*":{"base": "entity/sphaerotholus-adult"},
			"*-tylocephale-adult-*":{"base": "entity/tylocephale-adult"},"*-tylocephale-baby-*":{"base": "entity/tylocephale-adult"},
			"*-homalocephale-adult-*":{"base": "entity/homalocephale-adult"},"*-homalocephale-baby-*":{"base": "entity/homalocephale-adult"},
			"*-acrotholus-adult-*":{"base": "entity/acrotholus-adult"},"*-acrotholus-baby-*":{"base": "entity/acrotholus-adult"},
			"*-goyocephale-adult-*":{"base": "entity/goyocephale-adult"},"*-goyocephale-baby-*":{"base": "entity/goyocephale-adult"},
			"*-foraminacephale-adult-*":{"base": "entity/foraminacephale-adult"},"*-foraminacephale-baby-*":{"base": "entity/foraminacephale-adult"},
			"*-alaskacephale-adult-*":{"base": "entity/alaskacephale-adult"},"*-alaskacephale-baby-*":{"base": "entity/alaskacephale-adult"},
			"*-colepiocephale-adult-*":{"base": "entity/colepiocephale-adult"},"*-colepiocephale-baby-*":{"base": "entity/colepiocephale-adult"},
			"*-amtocephale-adult-*":{"base": "entity/amtocephale-adult"},"*-amtocephale-baby-*":{"base": "entity/amtocephale-adult"},
			"*-wannanosaurus-adult-*":{"base": "entity/wannanosaurus-adult"},"*-wannanosaurus-baby-*":{"base": "entity/wannanosaurus-adult"},
        },
        "sizeByType": {
			"*-pachycephalosaurus-adult-male": 1.0,"*-pachycephalosaurus-adult-female": 0.9,"*-pachycephalosaurus-baby-*": 1.0,
			"*-platytholus-adult-male": 0.62,"*-platytholus-adult-female": 0.52,"*-platytholus-baby-*": 0.62,
			"*-prenocephale-adult-male": 0.46,"*-prenocephale-adult-female": 0.36,"*-prenocephale-baby-*": 0.46,
			"*-stegoceras-adult-male": 0.52,"*-stegoceras-adult-female": 0.42,"*-stegoceras-baby-*": 0.52,
			"*-hanssuesia-adult-male": 0.44,"*-hanssuesia-adult-female": 0.34,"*-hanssuesia-baby-*": 0.44,
			"*-sinocephale-adult-male": 0.44,"*-sinocephale-adult-female": 0.34,"*-sinocephale-baby-*": 0.44,
			"*-sphaerotholus-adult-male": 0.42,"*-sphaerotholus-adult-female": 0.32,"*-sphaerotholus-baby-*": 0.44,
			"*-tylocephale-adult-male": 0.42,"*-tylocephale-adult-female": 0.32,"*-tylocephale-baby-*": 0.44,
			"*-homalocephale-adult-male": 0.38,"*-homalocephale-adult-female": 0.28,"*-homalocephale-baby-*": 0.44,
			"*-acrotholus-adult-male": 0.38,"*-acrotholus-adult-female": 0.28,"*-acrotholus-baby-*": 0.44,
			"*-goyocephale-adult-male": 0.31,"*-goyocephale-adult-female": 0.28,"*-goyocephale-baby-*": 0.44,
			"*-foraminacephale-adult-male": 0.31,"*-foraminacephale-adult-female": 0.21,"*-foraminacephale-baby-*": 0.44,
			"*-alaskacephale-adult-male": 0.31,"*-alaskacephale-adult-female": 0.21,"*-alaskacephale-baby-*": 0.44,
			"*-colepiocephale-adult-male": 0.21,"*-colepiocephale-adult-female": 0.15,"*-colepiocephale-baby-*": 0.44,
			"*-amtocephale-adult-male": 0.21,"*-amtocephale-adult-female": 0.15,"*-amtocephale-baby-*": 0.44,
			"*-wannanosaurus-adult-male": 0.18,"*-wannanosaurus-adult-female": 0.12,"*-wannanosaurus-baby-*": 0.24,
		},

        "behaviors": [
			{"code": "rideable", "enabledByType": {  "*-baby-*": false,"*-pachycephalosaurus-*": true, "*": false},"minGeneration": 3 },
            {"code": "repulseagents" },
			{"code": "controlledphysics","stepHeight": 1.1251},
			{"code": "floatupwhenstuck","onlyWhenDead": true},
			{"code": "interpolateposition" },
			{"code": "harvestable","quantitySlots": 8},
			{"code": "multiply", "enabledByType": { "*-adult-female": true, "*": false } },
			{"code": "despawn","minPlayerDistance": 8,"belowLightLevel": 8,"minSeconds": 300},
			{"code": "ropetieable","minGeneration": 2},
			{"code": "selectionboxes", "enabledByType": {  "*-baby-*": false,"*-pachycephalosaurus-*": true, "*": false},"minGeneration": 3 },
			{"code": "ownable", "enabledByType": { "*-baby-*": false,"*-pachycephalosaurus-*": true,"*": false},"minGeneration": 3 },
			{"code": "rideableaccessories", "enabledByType": {  "*-baby-*": false,"*-pachycephalosaurus-*": true, "*": false},"minGeneration": 3 },
        ],
        "animations": [
			{"code": "attack","animation": "Attack","animationSpeed": 1.2,"weight": 10,"blendMode": "AddAverage"},
			{"code": "die","animation": "Die","easeInSpeed": 3,"animationSpeed": 1,"weight": 10,"blendMode": "Average","triggeredBy": { "onControls": [ "dead" ] }},
			{"code": "eat","animation": "Eat","easeInSpeed": 4,"easeOutSpeed": 4,"blendMode": "Average"},
			{"code": "run","animation": "Run","easeInSpeed": 10,"easeOutSpeed": 2,"supressDefaultAnimation": true,"blendMode": "Average"},
			{"code": "charge","animation": "Charge","easeInSpeed": 10,"easeOutSpeed": 2,"supressDefaultAnimation": true,"blendMode": "Average"},
			{"code": "hurt","animation": "Hurt","animationSpeed": 2.2,"weight": 10,"blendMode": "AddAverage"},
			{"code": "idle","animation": "Idle","animationSpeed": 0.5,"blendMode": "AddAverage","easeOutSpeed": 4,"triggeredBy": { "defaultAnim": true }},
			{"code": "look","animation": "Look", "blendMode": "AddAverage","easeOutSpeed": 0.25},
			{"code": "alert","animation": "Alert","animationSpeed": 1.2,"weight": 10,"blendMode": "AddAverage"},
			{"code": "roar","animation": "Roar","animationSpeed": 2.2,"weight": 10,"blendMode": "AddAverage"},
			{"code": "sit","animation": "Sit","easeInSpeed": 0.1,"easeOutSpeed": 0.5,"blendMode": "Average"},
			{"code": "lie","animation": "Lie","easeInSpeed": 0.1,"easeOutSpeed": 0.5,"weight": 10,"blendMode": "Average"},
			{"code": "sleep","animation": "Sleep","easeInSpeed": 2,"easeOutSpeed": 2,"weight": 5,"blendMode": "Average"},
			{"code": "swim","animation": "Swim","supressDefaultAnimation": true,"blendMode": "Average"},
			{"code": "walk","animation": "Walk","easeInSpeed": 10,"supressDefaultAnimation": true,"blendMode": "Average"}
		]
    },
    "server": {
		"attributes": {"pathfinder": {"minTurnAnglePerSec": 15,"maxTurnAnglePerSec": 60}},
        "behaviors": [
			{"code": "rideable", "enabledByType": {  "*-baby-*": false,"*-pachycephalosaurus-*": true, "*": false},"minGeneration": 3 },
			{"code": "selectionboxes", "enabledByType": {  "*-baby-*": false,"*-pachycephalosaurus-*": true, "*": false},"minGeneration": 3 },
			{"code": "ownable", "enabledByType": { "*-baby-*": false,"*-pachycephalosaurus-*": true,"*": false},"minGeneration": 3 },
			{"code": "rideableaccessories", "enabledByType": {  "*-baby-*": false,"*-pachycephalosaurus-*": true, "*": false},"minGeneration": 3 },
            {"code": "repulseagents" },
            {"code": "controlledphysics","stepHeight": 1.1251},
            {"code": "despawn","minPlayerDistance": 8,"belowLightLevel": 8,"minSeconds": 300},
            {"code": "floatupwhenstuck","onlyWhenDead": true},
            {"code": "breathe"},
            {"code": "health",
                    "maxhealthByType": {
                        "*-pachycephalosaurus-adult-male": 55.0,"*-pachycephalosaurus-adult-female": 51.0,"*-pachycephalosaurus-baby-*": 4.0,
						"*-platytholus-adult-male": 36.0,"*-platytholus-adult-female": 31.0,"*-platytholus-baby-*": 3.0,
						"*-prenocephale-adult-male": 28.0,"*-prenocephale-adult-female": 21.0,"*-prenocephale-baby-*": 2.0,
						"*-stegoceras-adult-male": 31.0,"*-stegoceras-adult-female": 26.0,"*-stegoceras-baby-*": 2.0,
						"*-hanssuesia-adult-male": 27.0,"*-hanssuesia-adult-female": 21.0,"*-hanssuesia-baby-*": 2.0,
						"*-sinocephale-adult-male": 27.0,"*-sinocephale-adult-female": 21.0,"*-sinocephale-baby-*": 2.0,
						"*-sphaerotholus-adult-male": 26.0,"*-sphaerotholus-adult-female": 21.0,"*-sphaerotholus-baby-*": 2.0,
						"*-tylocephale-adult-male": 26.0,"*-tylocephale-adult-female": 21.0,"*-tylocephale-baby-*": 2.0,
						"*-homalocephale-adult-male": 24.0,"*-homalocephale-adult-female": 16.0,"*-homalocephale-baby-*": 2.0,
						"*-acrotholus-adult-male": 24.0,"*-acrotholus-adult-female": 16.0,"*-acrotholus-baby-*": 2.0,
						"*-goyocephale-adult-male": 21.0,"*-goyocephale-adult-female": 16.0,"*-goyocephale-baby-*": 2.0,
						"*-foraminacephale-adult-male": 21.0,"*-foraminacephale-adult-female": 16.0,"*-foraminacephale-baby-*": 2.0,
						"*-alaskacephale-adult-male": 21.0,"*-alaskacephale-adult-female": 16.0,"*-alaskacephale-baby-*": 2.0,
						"*-colepiocephale-adult-male": 16.0,"*-colepiocephale-adult-female": 11.0,"*-colepiocephale-baby-*": 1.0,
						"*-amtocephale-adult-male": 16.0,"*-amtocephale-adult-female": 11.0,"*-amtocephale-baby-*": 1.0,
						"*-wannanosaurus-adult-male": 11.0,"*-wannanosaurus-adult-female": 6.0,"*-wannanosaurus-baby-*": 1.0,
                    }
			},
            {"code": "deaddecay",
                    "hoursToDecay": 96,
                    "decayedBlockByType": {
                    "*-adult-*": "carcass-large",
                    "*-baby-*": "carcass-medium"
					}
            },
            {"code": "harvestable",
				"quantitySlots": 8,
				"drops": [
					{
						"type": "item",
						"code": "game:redmeat-raw",
						"quantityByType": {
							"*-pachycephalosaurus-adult-*": {"avg": 13.0,"var": 2}, "*-pachycephalosaurus-baby-*": {"avg": 2.0,"var": 1},
							"*-platytholus-adult-*": {"avg": 9.0,"var": 2}, "*-platytholus-baby-*": {"avg": 1.0,"var": 1},
							"*-prenocephale-adult-*": {"avg": 7.0,"var": 2}, "*-prenocephale-baby-*": {"avg": 1.0,"var": 1},
							"*-stegoceras-adult-*": {"avg": 7.0,"var": 2}, "*-stegoceras-baby-*": {"avg": 1.0,"var": 1},
							"*-hanssuesia-adult-*": {"avg": 6.0,"var": 2}, "*-hanssuesia-baby-*": {"avg": 1.0,"var": 1},
							"*-sinocephale-adult-*": {"avg": 6.0,"var": 2}, "*-sinocephale-baby-*": {"avg": 1.0,"var": 1},
							"*-sphaerotholus-adult-*": {"avg": 6.0,"var": 2}, "*-sphaerotholus-baby-*": {"avg": 1.0,"var": 1},
							"*-tylocephale-adult-*": {"avg": 6.0,"var": 2}, "*-tylocephale-baby-*": {"avg": 1.0,"var": 1},
							"*-homalocephale-adult-*": {"avg": 6.0,"var": 2}, "*-homalocephale-baby-*": {"avg": 1.0,"var": 1},
							"*-acrotholus-adult-*": {"avg": 6.0,"var": 2}, "*-acrotholus-baby-*": {"avg": 1.0,"var": 1},
							"*-goyocephale-adult-*": {"avg": 5.0,"var": 2}, "*-goyocephale-baby-*": {"avg": 1.0,"var": 1},
							"*-foraminacephale-adult-*": {"avg": 5.0,"var": 2}, "*-foraminacephale-baby-*": {"avg": 1.0,"var": 1},
							"*-alaskacephale-adult-*": {"avg": 5.0,"var": 2}, "*-alaskacephale-baby-*": {"avg": 1.0,"var": 1},
							"*-colepiocephale-adult-*": {"avg": 4.0,"var": 2}, "*-colepiocephale-baby-*": {"avg": 1.0,"var": 1},
							"*-amtocephale-adult-*": {"avg": 4.0,"var": 2}, "*-amtocephale-baby-*": {"avg": 1.0,"var": 1},
							"*-wannanosaurus-adult-*": {"avg": 3.0,"var": 2}, "*-wannanosaurus-baby-*": {"avg": 1.0,"var": 1},
							"*": {"avg": 0.0,"var": 0.0}
						}
					},
					{
						"type": "item",
						"code": "game:fat",
						"quantityByType": {
							"*-pachycephalosaurus-adult-*": {"avg": 6.0,"var": 2}, "*-pachycephalosaurus-baby-*": {"avg": 0,"var": 0},
							"*-platytholus-adult-*": {"avg": 4.0,"var": 2}, "*-platytholus-baby-*": {"avg": 0,"var": 0},
							"*-prenocephale-adult-*": {"avg": 3.0,"var": 2}, "*-prenocephale-baby-*": {"avg": 0,"var": 0},
							"*-stegoceras-adult-*": {"avg": 3.0,"var": 2}, "*-stegoceras-baby-*": {"avg": 0,"var": 0},
							"*-hanssuesia-adult-*": {"avg": 3.0,"var": 2}, "*-hanssuesia-baby-*": {"avg": 0,"var": 0},
							"*-sinocephale-adult-*": {"avg": 3.0,"var": 2}, "*-sinocephale-baby-*": {"avg": 0,"var": 0},
							"*-sphaerotholus-adult-*": {"avg": 3.0,"var": 2}, "*-sphaerotholus-baby-*": {"avg": 0,"var": 0},
							"*-tylocephale-adult-*": {"avg": 3.0,"var": 2}, "*-tylocephale-baby-*": {"avg": 0,"var": 0},
							"*-homalocephale-adult-*": {"avg": 3.0,"var": 2}, "*-homalocephale-baby-*": {"avg": 0,"var": 0},
							"*-acrotholus-adult-*": {"avg": 3.0,"var": 2}, "*-acrotholus-baby-*": {"avg": 0,"var": 0},
							"*-goyocephale-adult-*": {"avg": 2.0,"var": 2}, "*-goyocephale-baby-*": {"avg": 0,"var": 0},
							"*-foraminacephale-adult-*": {"avg": 2.0,"var": 2}, "*-foraminacephale-baby-*": {"avg": 0,"var": 0},
							"*-alaskacephale-adult-*": {"avg": 2.0,"var": 2}, "*-alaskacephale-baby-*": {"avg": 0,"var": 0},
							"*-colepiocephale-adult-*": {"avg": 2.0,"var": 2}, "*-colepiocephale-baby-*": {"avg": 0,"var": 0},
							"*-amtocephale-adult-*": {"avg": 2.0,"var": 2}, "*-amtocephale-baby-*": {"avg": 0,"var": 0},
							"*-wannanosaurus-adult-*": {"avg": 1.0,"var": 2}, "*-wannanosaurus-baby-*": {"avg": 0,"var": 0},
							"*": {"avg": 0.0,"var": 0.0}
						}
					},
					{
						"type": "item",
						"code": "game:hide-raw-huge",
						"quantityByType": {
							"*-pachycephalosaurus-adult-*": {"avg": 1.0,"var": 0},
							"*": {"avg": 0.0,"var": 0.0}
						}
					},
					{
						"type": "item",
						"code": "game:hide-raw-medium",
						"quantityByType": {
							"*-platytholus-adult-*": {"avg": 1.0,"var": 0},
							"*-stegoceras-adult-*": {"avg": 1.0,"var": 0},
							"*": {"avg": 0.0,"var": 0.0}
						}
					},
					{
						"type": "item",
						"code": "game:hide-raw-small",
						"quantityByType": {
							"*-prenocephale-adult-*": {"avg": 1.0,"var": 0},
							"*-hanssuesia-adult-*": {"avg": 1.0,"var": 0},
							"*-sinocephale-adult-*": {"avg": 1.0,"var": 0},
							"*-sphaerotholus-adult-*": {"avg": 1.0,"var": 0},
							"*-tylocephale-adult-*": {"avg": 1.0,"var": 0},
							"*-homalocephale-adult-*": {"avg": 1.0,"var": 0},
							"*-acrotholus-adult-*": {"avg": 1.0,"var": 0},
							"*-goyocephale-adult-*": {"avg": 1.0,"var": 0},
							"*-foraminacephale-adult-*": {"avg": 1.0,"var": 0},
							"*-alaskacephale-adult-*": {"avg": 1.0,"var": 0},
							"*-colepiocephale-adult-*": {"avg": 1.0,"var": 0},
							"*-amtocephale-adult-*": {"avg": 1.0,"var": 0},
							"*-wannanosaurus-adult-*": {"avg": 1.0,"var": 0},
							"*": {"avg": 0.0,"var": 0.0}
						}
					}
				]
			},
			{"code": "multiply",
				"enabledByType": {
					"*-adult-female": true,
					"*": false
				},
				"spawnEntityCodesByType": {
					"*": [ { "code":"pachycephalosauria:pachycephalosauria-{type}-egg-raw"}]},
				"requiresNearbyEntityCodeByType": {"*": "pachycephalosauria:pachycephalosauria-{type}-adult-male"},
				"eatAnyway": true,
				"requiresNearbyEntityRange": 10,
				"spawnQuantityMin": 6,
				"spawnQuantityMaxByType": {"*": 12},
				"pregnancyDaysByType": {"*": 30},
				"multiplyCooldownDaysMinByType": {"*": 30},
				"multiplyCooldownDaysMaxByType": {"*": 60},
				"portionsEatenForMultiplyByType": {
					"*-pachycephalosaurus-adult-*":35.0,
					"*-platytholus-adult-*":26.0,
					"*-prenocephale-adult-*":22.0,
					"*-stegoceras-adult-*":24.0,
					"*-hanssuesia-adult-*":22.0,
					"*-sinocephale-adult-*":22.0,
					"*-sphaerotholus-adult-*":21.0,
					"*-tylocephale-adult-*":21.0,
					"*-homalocephale-adult-*":21.0,
					"*-acrotholus-adult-*":21.0,
					"*-goyocephale-adult-*":19.0,
					"*-foraminacephale-adult-*":19.0,
					"*-alaskacephale-adult-*":19.0,
					"*-colepiocephale-adult-*":17.0,
					"*-amtocephale-adult-*":17.0,
					"*-wannanosaurus-adult-*":14.0,
				}
			},
            {"code": "grow",
					"enabledByType": {
					"*-baby-*": true,
					"*": false
				},
				"hoursToGrowByType": {"*": 720,
					"*-pachycephalosaurus-*":250.0,
					"*-platytholus-*":155.0,
					"*-prenocephale-*":115.0,
					"*-stegoceras-*":130.0,
					"*-hanssuesia-*":110.0,
					"*-sinocephale-*":110.0,
					"*-sphaerotholus-*":105.0,
					"*-tylocephale-*":105.0,
					"*-homalocephale-*":95.0,
					"*-acrotholus-*":95.0,
					"*-goyocephale-*":78.0,
					"*-foraminacephale-*":78.0,
					"*-alaskacephale-*":78.0,
					"*-colepiocephale-*":52.0,
					"*-amtocephale-*":52.0,
					"*-wannanosaurus-*":30.0,
				},
				"adultEntityCodesByType": {
					"*-baby-male": ["pachycephalosauria:pachycephalosauria-{type}-adult-male"],
					"*-baby-female": ["pachycephalosauria:pachycephalosauria-{type}-adult-female"]
				}
			},
			{"code": "emotionstates",
				"states": [
					{"code": "aggressiveondamage","duration": 60,
						"chanceByType": {
							"*-adult-*": 1,
							"*-baby-*": 0.5
						},
						"slot": 2,"priority": 3,"accumType": "noaccum"},
					{"code": "fleeondamage","duration": 60,"slot": 1,"chanceByType": {"*-pachycephalosaurus-adult-*": 1,"*-baby-*": 0},"priority": 1,"accumType": "max","whenHealthRelBelow": 0.5},
					{"code": "fleeondamage","duration": 30,"slot": 1,"chanceByType": {"*-pachycephalosaurus-adul-*": 0,"*": 1},"priority": 1,"accumType": "max","whenHealthRelBelow": 0.8},
					{"code": "saturated","duration": 1200,"chance": 1,"slot": 0,"priority": 1,"accumType": "sum"},
					{ "code": "aggressivearoundentities", "duration": 60, "chanceByType": {"*-baby-*": 0.0,"*-adult-*": 1.0}, "slot": 2, "priority": 5, "entityCodes": ["pachycephalosauria:pachycephalosauria-{type}-baby-male","pachycephalosauria:pachycephalosauria-{type}-baby-female"], "maxGeneration": 1 }
				]
			},
			{
				"code": "taskai",
				"aiCreatureType": "LandCreature",
				"aitasks": [
                     {
						"code": "meleeattack",
						"animation": "Attack",
						"enabledByType": {
							"*": true},
						"entityCodesByType": {
							"*-wannanosaurus-adult-*": ["bear-*","bell-*","bowtorn-*","drifter-*","hyena-*","locust-*","shiver-*","wolf-*","tyrannosauridae-*", "spinosauridae-*","dromaeosauridae-*","abelisauridae-*","mosasauridae-*","carcharodontosauridae-*",

							"hitch",],
							"*-amtocephale-adult-*": ["bear-*","bell-*","bowtorn-*","drifter-*","hyena-*","locust-*","shiver-*","wolf-*","tyrannosauridae-*", "spinosauridae-*","dromaeosauridae-*","abelisauridae-*","mosasauridae-*","carcharodontosauridae-*",
							"hitch",],
							"*-colepiocephale-adult-*": ["bear-*","bell-*","bowtorn-*","drifter-*","hyena-*","locust-*","shiver-*","wolf-*","tyrannosauridae-*", "spinosauridae-*","dromaeosauridae-*","abelisauridae-*","mosasauridae-*","carcharodontosauridae-*",
							"hitch",],
							"*-alaskacephale-adult-*": ["bear-*","bell-*","bowtorn-*","drifter-*","hyena-*","locust-*","shiver-*","wolf-*","tyrannosauridae-*", "spinosauridae-*","dromaeosauridae-*","abelisauridae-*","mosasauridae-*","carcharodontosauridae-*",
							"hitch",],
							"*-foraminacephale-adult-*": ["bear-*","bell-*","bowtorn-*","drifter-*","hyena-*","locust-*","shiver-*","wolf-*","tyrannosauridae-*", "spinosauridae-*","dromaeosauridae-*","abelisauridae-*","mosasauridae-*","carcharodontosauridae-*",
							"hitch",],
							"*-goyocephale-adult-*": ["bear-*","bell-*","bowtorn-*","drifter-*","hyena-*","locust-*","shiver-*","wolf-*","tyrannosauridae-*", "spinosauridae-*","dromaeosauridae-*","abelisauridae-*","mosasauridae-*","carcharodontosauridae-*",
							"hitch",],
							"*-adult-*": [ "player","bear-*","bell-*","bowtorn-*","drifter-*","hyena-*","locust-*","shiver-*","wolf-*","tyrannosauridae-*", "spinosauridae-*","dromaeosauridae-*","abelisauridae-*","mosasauridae-*","carcharodontosauridae-*",
							"hitch",],
							"*": ["bear-*","bell-*","bowtorn-*","drifter-*","hyena-*","locust-*","shiver-*","wolf-*","tyrannosauridae-*", "spinosauridae-*","dromaeosauridae-*","abelisauridae-*","mosasauridae-*","carcharodontosauridae-*",],
							},
						"priority": 1.9,
						"slot": 1,
						"damageByType": {
							"*-pachycephalosaurus-adult-male": 10.0,"*-pachycephalosaurus-adult-female": 9.6,"*-pachycephalosaurus-baby-*": 2.0,
							"*-platytholus-adult-male": 6.5,"*-platytholus-adult-female": 5.1,"*-platytholus-baby-*": 1.7,
							"*-prenocephale-adult-male": 5.8,"*-prenocephale-adult-female": 4.4,"*-prenocephale-baby-*": 1.6,
							"*-stegoceras-adult-male": 6.1,"*-stegoceras-adult-female": 5.7,"*-stegoceras-baby-*": 1.6,
							"*-hanssuesia-adult-male": 5.8,"*-hanssuesia-adult-female": 4.4,"*-hanssuesia-baby-*": 1.6,
							"*-sinocephale-adult-male": 5.8,"*-sinocephale-adult-female": 3.4,"*-sinocephale-baby-*": 1.6,
							"*-sphaerotholus-adult-male": 5.7,"*-sphaerotholus-adult-female": 4.3,"*-sphaerotholus-baby-*": 1.5,
							"*-tylocephale-adult-male": 5.7,"*-tylocephale-adult-female": 4.3,"*-tylocephale-baby-*": 1.5,
							"*-homalocephale-adult-male": 5.5,"*-homalocephale-adult-female": 4.1,"*-homalocephale-baby-*": 1.5,
							"*-acrotholus-adult-male": 5.5,"*-acrotholus-adult-female": 4.1,"*-acrotholus-baby-*": 1.5,
							"*-goyocephale-adult-male": 5.2,"*-goyocephale-adult-female": 4.8,"*-goyocephale-baby-*": 1.4,
							"*-foraminacephale-adult-male": 5.2,"*-foraminacephale-adult-female": 4.8,"*-foraminacephale-baby-*": 1.4,
							"*-alaskacephale-adult-male": 5.2,"*-alaskacephale-adult-female": 4.8,"*-alaskacephale-baby-*": 1.4,
							"*-colepiocephale-adult-male": 4.8,"*-colepiocephale-adult-female": 3.4,"*-colepiocephale-baby-*": 1.4,
							"*-amtocephale-adult-male": 1,"*-amtocephale-adult-female": 1,"*-amtocephale-baby-*": 1,
							"*-wannanosaurus-adult-male": 1,"*-wannanosaurus-adult-female": 1,"*-wannanosaurus-baby-*": 1,

						},
						"knockbackStrengthByType": {
							"*-baby-*":0.0,
							"*-pachycephalosaurus-adult-*": 3.0,
							"*":2.5,
						},
						"damageTierByType": {
							"*-baby-*":1,
							"*-adult-*": 2,
						},
						"attackAngleRangeDeg": 120,
						"mincooldown": 1250,
						"maxcooldown": 1500,
						"minDistByType": {"*-pachycephalosaurus-adult-*":2.5,"*-adult-*":1,"*":1},
						"minVerDistByType": {"*-pachycephalosaurus-adult-*":1.5,"*-adult-*":1,"*":1},
						"attackDurationMs": 1250,
						"damagePlayerAtMs": 400,
						"animationSpeed": 1.25,
						"soundByType": {
							"*-adult-*":"creature/hurt"},
					},
					{
						"code": "seekentity",
						"animation": "Charge",
						"enabledByType": {"*-baby-*": false,"*-adult-*": true},
						"entityCodesByType": {
							"*-pachycephalosaurus-*": [ "bear-*","bell-*","bowtorn-*","drifter-*","hyena-*","locust-*","shiver-*","wolf-*",

							"dromaeosauridae-*",
							"abelisauridae-viavenator-adult-*","abelisauridae-tarascosaurus-adult-*","abelisauridae-thanos-adult-*",

							"tyrannosauridae-tyrannosaurus-baby-*","tyrannosauridae-tarbosaurus-baby-*","tyrannosauridae-nanuqsaurus-baby-*","tyrannosauridae-albertosaurus-baby-*","tyrannosauridae-gorgosaurus-baby-*","tyrannosauridae-alioramus-baby-*","tyrannosauridae-qianzhousaurus-baby-*","tyrannosauridae-zhuchengtyrannus-baby-*","tyrannosauridae-bistahieversor-baby-*","tyrannosauridae-thanatotheristes-baby-*","tyrannosauridae-teratophoneus-baby-*","tyrannosauridae-dynamoterror-baby-*",

							"carcharodontosauridae-giganotosaurus-baby-*","carcharodontosauridae-carcharodontosaurus-baby-*","carcharodontosauridae-mapusaurus-baby-*","carcharodontosauridae-tyrannotitan-baby-*","carcharodontosauridae-tameryraptor-baby-*","carcharodontosauridae-veterupristisaurus-baby-*","carcharodontosauridae-ulughbegsaurus-baby-*","carcharodontosauridae-siamraptor-baby-*","carcharodontosauridae-shaochilong-baby-*","carcharodontosauridae-concavenator-baby-*","carcharodontosauridae-lusovenator-baby-*","carcharodontosauridae-lajasvenator-baby-*",


							],
							"*-adult-*": ["bell-*","bowtorn-*","drifter-*","hyena-*","locust-*","shiver-*","wolf-*",

							"dromaeosauridae-dromaeosaurus-adult-*","dromaeosauridae-adasaurus-adult-*","dromaeosauridae-velociraptor-adult-*","dromaeosauridae-saurornitholestes-adult-*","dromaeosauridae-atrociraptor-adult-*","dromaeosauridae-pyroraptor-adult-*","dromaeosauridae-buitreraptor-adult-*","dromaeosauridae-microraptor-adult-*","dromaeosauridae-rahonavis-adult-*",

							"dromaeosauridae-utahraptor-baby-*","dromaeosauridae-dakotaraptor-baby-*","dromaeosauridae-achillobator-baby-*","dromaeosauridae-austroraptor-baby-*","dromaeosauridae-deinonychus-baby-*","dromaeosauridae-dromaeosaurus-baby-*","dromaeosauridae-adasaurus-baby-*","dromaeosauridae-velociraptor-baby-*","dromaeosauridae-saurornitholestes-baby-*","dromaeosauridae-atrociraptor-baby-*","dromaeosauridae-pyroraptor-baby-*","dromaeosauridae-buitreraptor-baby-*","dromaeosauridae-microraptor-baby-*","dromaeosauridae-rahonavis-baby-*",

							"tyrannosauridae-tyrannosaurus-baby-*","tyrannosauridae-tarbosaurus-baby-*","tyrannosauridae-nanuqsaurus-baby-*","tyrannosauridae-albertosaurus-baby-*","tyrannosauridae-gorgosaurus-baby-*","tyrannosauridae-alioramus-baby-*","tyrannosauridae-qianzhousaurus-baby-*","tyrannosauridae-zhuchengtyrannus-baby-*","tyrannosauridae-bistahieversor-baby-*","tyrannosauridae-thanatotheristes-baby-*","tyrannosauridae-teratophoneus-baby-*","tyrannosauridae-dynamoterror-baby-*",

							"carcharodontosauridae-giganotosaurus-baby-*","carcharodontosauridae-carcharodontosaurus-baby-*","carcharodontosauridae-mapusaurus-baby-*","carcharodontosauridae-tyrannotitan-baby-*","carcharodontosauridae-tameryraptor-baby-*","carcharodontosauridae-veterupristisaurus-baby-*","carcharodontosauridae-ulughbegsaurus-baby-*","carcharodontosauridae-siamraptor-baby-*","carcharodontosauridae-shaochilong-baby-*","carcharodontosauridae-concavenator-baby-*","carcharodontosauridae-lusovenator-baby-*","carcharodontosauridae-lajasvenator-baby-*",


							],
						},
						"priority": 1.82,
						"mincooldown": 600,
						"maxcooldown": 650,
						"seekingRange": 15,
						"movespeedByType": {
							"*-baby-*": 0.010,
							"*-pachycephalosaurus-adult-*":0.06,
							"*-platytholus-adult-*":0.0524,
							"*-prenocephale-adult-*":0.0492,
							"*-stegoceras-adult-*":0.0504,
							"*-hanssuesia-adult-*":0.0488,
							"*-sinocephale-adult-*":0.0488,
							"*-sphaerotholus-adult-*":0.0484,
							"*-tylocephale-adult-*":0.0484,
							"*-homalocephale-adult-*":0.0476,
							"*-acrotholus-adult-*":0.0476,
							"*-goyocephale-adult-*":0.0462,
							"*-foraminacephale-adult-*":0.0462,
							"*-alaskacephale-adult-*":0.0462,
							"*-colepiocephale-adult-*":0.0442,
							"*-amtocephale-adult-*":0.0442,
							"*-wannanosaurus-adult-*":0.0424,
						},
						"animationSpeedByType": {
							"*-baby-*": 3,
							"*": 4.0
						},
						"whenNotInEmotionState": "fleeondamage"
					},
					{
						"code": "seekentity",
						"animation": "Charge",
						"enabledByType": {
						"*-baby-*": false,
						"*-goyocephale-adult-*":false,
						"*-foraminacephale-adult-*":false,
						"*-alaskacephale-adult-*":false,
						"*-colepiocephale-adult-*":false,
						"*-amtocephale-adult-*":false,
						"*-wannanosaurus-adult-*":false,
						"*-adult-*": true},
						"entityCodesByType": {
							"*-adult-*": [ "player"],
						},
						"priority": 1.82,
						"mincooldown": 600,
						"maxcooldown": 650,
						"seekingRange": 6,
						"movespeedByType": {
							"*-baby-*": 0.010,
							"*-pachycephalosaurus-adult-*":0.06,
							"*-platytholus-adult-*":0.0524,
							"*-prenocephale-adult-*":0.0492,
							"*-stegoceras-adult-*":0.0504,
							"*-hanssuesia-adult-*":0.0488,
							"*-sinocephale-adult-*":0.0488,
							"*-sphaerotholus-adult-*":0.0484,
							"*-tylocephale-adult-*":0.0484,
							"*-homalocephale-adult-*":0.0476,
							"*-acrotholus-adult-*":0.0476,
							"*-goyocephale-adult-*":0.0462,
							"*-foraminacephale-adult-*":0.0462,
							"*-alaskacephale-adult-*":0.0462,
							"*-colepiocephale-adult-*":0.0442,
							"*-amtocephale-adult-*":0.0442,
							"*-wannanosaurus-adult-*":0.0424,
						},
						"animationSpeedByType": {
							"*-baby-*": 3,
							"*": 4.0
						},
						"maxFollowTime":5,
						"whenNotInEmotionState": "fleeondamage"
					},
					{
						"code": "seekentity",
						"animation": "Charge",
						"enabledByType": {
							"*-baby-*": false,
							"*": true},
						"entityCodesByType": {
							"*-pachycephalosaurus-adult-*": [ "player","bear-*","bell-*","bowtorn-*","drifter-*","hyena-*","locust-*","shiver-*","wolf-*", "spinosauridae-*","dromaeosauridae-*","abelisauridae-*",],
							"*-adult-*": [ "player","bear-*","bell-*","bowtorn-*","drifter-*","hyena-*","locust-*","shiver-*","wolf-*", "spinosauridae-*","dromaeosauridae-*","abelisauridae-*",]
						},
						"priority": 1.84,
						"mincooldown": 6000,
						"maxcooldown": 6500,
						"seekingRange": 15,
						"movespeedByType": {
							"*-baby-*": 0.010,
							"*-pachycephalosaurus-adult-*":0.06,
							"*-platytholus-adult-*":0.0524,
							"*-prenocephale-adult-*":0.0492,
							"*-stegoceras-adult-*":0.0504,
							"*-hanssuesia-adult-*":0.0488,
							"*-sinocephale-adult-*":0.0488,
							"*-sphaerotholus-adult-*":0.0484,
							"*-tylocephale-adult-*":0.0484,
							"*-homalocephale-adult-*":0.0476,
							"*-acrotholus-adult-*":0.0476,
							"*-goyocephale-adult-*":0.0462,
							"*-foraminacephale-adult-*":0.0462,
							"*-alaskacephale-adult-*":0.0462,
							"*-colepiocephale-adult-*":0.0442,
							"*-amtocephale-adult-*":0.0442,
							"*-wannanosaurus-adult-*":0.0424,
						},
						"animationSpeedByType": {
							"*-baby-*": 3,
							"*": 4.0
						},
						"soundByType": {
							"*-adult-*":"creature/hurt"},
						"whenInEmotionState": "aggressiveondamage"
					},
					{
						"code": "seekentity",
						"animation": "Charge",
						"enabledByType": {
							"*-baby-*": false,
							"*": true},
						"entityCodesByType": {
							"*-pachycephalosaurus-adult-*": [ "player","bear-*","bell-*","bowtorn-*","drifter-*","hyena-*","locust-*","shiver-*","wolf-*",

							"dromaeosauridae-*",
							"abelisauridae-viavenator-adult-*","abelisauridae-tarascosaurus-adult-*","abelisauridae-thanos-adult-*",

							"tyrannosauridae-tyrannosaurus-baby-*","tyrannosauridae-tarbosaurus-baby-*","tyrannosauridae-nanuqsaurus-baby-*","tyrannosauridae-albertosaurus-baby-*","tyrannosauridae-gorgosaurus-baby-*","tyrannosauridae-alioramus-baby-*","tyrannosauridae-qianzhousaurus-baby-*","tyrannosauridae-zhuchengtyrannus-baby-*","tyrannosauridae-bistahieversor-baby-*","tyrannosauridae-thanatotheristes-baby-*","tyrannosauridae-teratophoneus-baby-*","tyrannosauridae-dynamoterror-baby-*",

							"carcharodontosauridae-giganotosaurus-baby-*","carcharodontosauridae-carcharodontosaurus-baby-*","carcharodontosauridae-mapusaurus-baby-*","carcharodontosauridae-tyrannotitan-baby-*","carcharodontosauridae-tameryraptor-baby-*","carcharodontosauridae-veterupristisaurus-baby-*","carcharodontosauridae-ulughbegsaurus-baby-*","carcharodontosauridae-siamraptor-baby-*","carcharodontosauridae-shaochilong-baby-*","carcharodontosauridae-concavenator-baby-*","carcharodontosauridae-lusovenator-baby-*","carcharodontosauridae-lajasvenator-baby-*",


							],
							"*-adult-*": ["bell-*","bowtorn-*","drifter-*","hyena-*","locust-*","shiver-*","wolf-*",

							"dromaeosauridae-dromaeosaurus-adult-*","dromaeosauridae-adasaurus-adult-*","dromaeosauridae-velociraptor-adult-*","dromaeosauridae-saurornitholestes-adult-*","dromaeosauridae-atrociraptor-adult-*","dromaeosauridae-pyroraptor-adult-*","dromaeosauridae-buitreraptor-adult-*","dromaeosauridae-microraptor-adult-*","dromaeosauridae-rahonavis-adult-*",

							"dromaeosauridae-utahraptor-baby-*","dromaeosauridae-dakotaraptor-baby-*","dromaeosauridae-achillobator-baby-*","dromaeosauridae-austroraptor-baby-*","dromaeosauridae-deinonychus-baby-*","dromaeosauridae-dromaeosaurus-baby-*","dromaeosauridae-adasaurus-baby-*","dromaeosauridae-velociraptor-baby-*","dromaeosauridae-saurornitholestes-baby-*","dromaeosauridae-atrociraptor-baby-*","dromaeosauridae-pyroraptor-baby-*","dromaeosauridae-buitreraptor-baby-*","dromaeosauridae-microraptor-baby-*","dromaeosauridae-rahonavis-baby-*",

							"tyrannosauridae-tyrannosaurus-baby-*","tyrannosauridae-tarbosaurus-baby-*","tyrannosauridae-nanuqsaurus-baby-*","tyrannosauridae-albertosaurus-baby-*","tyrannosauridae-gorgosaurus-baby-*","tyrannosauridae-alioramus-baby-*","tyrannosauridae-qianzhousaurus-baby-*","tyrannosauridae-zhuchengtyrannus-baby-*","tyrannosauridae-bistahieversor-baby-*","tyrannosauridae-thanatotheristes-baby-*","tyrannosauridae-teratophoneus-baby-*","tyrannosauridae-dynamoterror-baby-*",

							"carcharodontosauridae-giganotosaurus-baby-*","carcharodontosauridae-carcharodontosaurus-baby-*","carcharodontosauridae-mapusaurus-baby-*","carcharodontosauridae-tyrannotitan-baby-*","carcharodontosauridae-tameryraptor-baby-*","carcharodontosauridae-veterupristisaurus-baby-*","carcharodontosauridae-ulughbegsaurus-baby-*","carcharodontosauridae-siamraptor-baby-*","carcharodontosauridae-shaochilong-baby-*","carcharodontosauridae-concavenator-baby-*","carcharodontosauridae-lusovenator-baby-*","carcharodontosauridae-lajasvenator-baby-*",


							],
						},
						"priority": 1.83,
						"mincooldown": 6000,
						"maxcooldown": 6500,
						"seekingRange": 6,
						"movespeedByType": {
							"*-baby-*": 0.010,
							"*-pachycephalosaurus-adult-*":0.06,
							"*-platytholus-adult-*":0.0524,
							"*-prenodromaeosauridaecephale-adult-*":0.0492,
							"*-stegoceras-adult-*":0.0504,
							"*-hanssuesia-adult-*":0.0488,
							"*-sinocephale-adult-*":0.0488,
							"*-sphaerotholus-adult-*":0.0484,
							"*-tylocephale-adult-*":0.0484,
							"*-homalocephale-adult-*":0.0476,
							"*-acrotholus-adult-*":0.0476,
							"*-goyocephale-adult-*":0.0462,
							"*-foraminacephale-adult-*":0.0462,
							"*-alaskacephale-adult-*":0.0462,
							"*-colepiocephale-adult-*":0.0442,
							"*-amtocephale-adult-*":0.0442,
							"*-wannanosaurus-adult-*":0.0424,
						},
						"animationSpeedByType": {
							"*-baby-*": 3,
							"*": 4.0
						},
						"soundByType": {
							"*-adult-*":"creature/hurt"},
						"whenInEmotionState": "aggressivearoundentities"
					},
                    {
						"code": "fleeentity",
						"animation": "Run",
						"enabledByType": {"*-adult-*": true,"*": true},
						"entityCodesByType": {
							"*-baby-*":["player","bear-*","bell-*","bowtorn-*","drifter-*","shiver-*","hyena-male", "hyena-female","wolf-male", "wolf-female","tyrannosauridae-*","abelisauridae-*","spinosauridae-*","carcharodontosauridae-*",],
							"*-pachycephalosaurus-*": ["bell-*",

								"tyrannosauridae-tyrannosaurus-adult-*","tyrannosauridae-tarbosaurus-adult-*","tyrannosauridae-nanuqsaurus-adult-*","tyrannosauridae-albertosaurus-adult-*","tyrannosauridae-gorgosaurus-adult-*","tyrannosauridae-alioramus-adult-*","tyrannosauridae-qianzhousaurus-adult-*","tyrannosauridae-zhuchengtyrannus-adult-*","tyrannosauridae-bistahieversor-adult-*","tyrannosauridae-thanatotheristes-adult-*","tyrannosauridae-teratophoneus-adult-*","tyrannosauridae-dynamoterror-adult-*",

								"spinosauridae-spinosaurus-adult-*", "spinosauridae-oxalaia-adult-*", "spinosauridae-suchomimus-adult-*", "spinosauridae-baryonyx-adult-*",

								"abelisauridae-pycnonemosaurus-adult-*","abelisauridae-ekrixinatosaurus-adult-*","abelisauridae-carnotaurus-adult-*","abelisauridae-chenanisaurus-adult-*","abelisauridae-rajasaurus-adult-*","abelisauridae-abelisaurus-adult-*","abelisauridae-majungasaurus-adult-*",

								"carcharodontosauridae-giganotosaurus-adult-*","carcharodontosauridae-carcharodontosaurus-adult-*","carcharodontosauridae-mapusaurus-adult-*","carcharodontosauridae-tyrannotitan-adult-*","carcharodontosauridae-tameryraptor-adult-*","carcharodontosauridae-veterupristisaurus-adult-*","carcharodontosauridae-ulughbegsaurus-adult-*","carcharodontosauridae-siamraptor-adult-*","carcharodontosauridae-shaochilong-adult-*","carcharodontosauridae-concavenator-adult-*","carcharodontosauridae-lusovenator-adult-*","carcharodontosauridae-lajasvenator-adult-*",


								"mosasauridae-*",
							],
						"*": ["bell-*",

							"tyrannosauridae-tyrannosaurus-adult-*","tyrannosauridae-tarbosaurus-adult-*","tyrannosauridae-nanuqsaurus-adult-*","tyrannosauridae-albertosaurus-adult-*","tyrannosauridae-gorgosaurus-adult-*","tyrannosauridae-alioramus-adult-*","tyrannosauridae-qianzhousaurus-adult-*","tyrannosauridae-zhuchengtyrannus-adult-*","tyrannosauridae-bistahieversor-adult-*","tyrannosauridae-thanatotheristes-adult-*","tyrannosauridae-teratophoneus-adult-*","tyrannosauridae-dynamoterror-adult-*",

							"spinosauridae-spinosaurus-adult-*", "spinosauridae-oxalaia-adult-*", "spinosauridae-suchomimus-adult-*", "spinosauridae-baryonyx-adult-*", "spinosauridae-ichthyovenator-adult-*","spinosauridae-irritator-adult-*",

							"dromaeosauridae-utahraptor-adult-*","dromaeosauridae-dakotaraptor-adult-*","dromaeosauridae-achillobator-adult-*","dromaeosauridae-austroraptor-adult-*","dromaeosauridae-deinonychus-adult-*",

							"abelisauridae-pycnonemosaurus-adult-*","abelisauridae-ekrixinatosaurus-adult-*","abelisauridae-carnotaurus-adult-*","abelisauridae-chenanisaurus-adult-*","abelisauridae-rajasaurus-adult-*","abelisauridae-abelisaurus-adult-*","abelisauridae-majungasaurus-adult-*","abelisauridae-skorpiovenator-adult-*","abelisauridae-xenotarsosaurus-adult-*","abelisauridae-rahiolisaurus-adult-*","abelisauridae-arcovenator-adult-*","abelisauridae-rugops-adult-*","abelisauridae-aucasaurus-adult-*","abelisauridae-dahalokely-adult-*","abelisauridae-ilokelesia-adult-*","abelisauridae-viavenator-adult-*","abelisauridae-tarascosaurus-adult-*","abelisauridae-thanos-adult-*",

							"carcharodontosauridae-giganotosaurus-adult-*","carcharodontosauridae-carcharodontosaurus-adult-*","carcharodontosauridae-mapusaurus-adult-*","carcharodontosauridae-tyrannotitan-adult-*","carcharodontosauridae-tameryraptor-adult-*","carcharodontosauridae-veterupristisaurus-adult-*","carcharodontosauridae-ulughbegsaurus-adult-*","carcharodontosauridae-siamraptor-adult-*","carcharodontosauridae-shaochilong-adult-*","carcharodontosauridae-concavenator-adult-*","carcharodontosauridae-lusovenator-adult-*","carcharodontosauridae-lajasvenator-adult-*",


							"mosasauridae-*",
						]
						},
						"priority": 1.8,
						"movespeedByType": {
							"*-baby-*": 0.010,
							"*-pachycephalosaurus-adult-*":0.06,
							"*-platytholus-adult-*":0.0524,
							"*-prenocephale-adult-*":0.0492,
							"*-stegoceras-adult-*":0.0504,
							"*-hanssuesia-adult-*":0.0488,
							"*-sinocephale-adult-*":0.0488,
							"*-sphaerotholus-adult-*":0.0484,
							"*-tylocephale-adult-*":0.0484,
							"*-homalocephale-adult-*":0.0476,
							"*-acrotholus-adult-*":0.0476,
							"*-goyocephale-adult-*":0.0462,
							"*-foraminacephale-adult-*":0.0462,
							"*-alaskacephale-adult-*":0.0462,
							"*-colepiocephale-adult-*":0.0442,
							"*-amtocephale-adult-*":0.0442,
							"*-wannanosaurus-adult-*":0.0424,
						},
						"animationSpeedByType": {
							"*-baby-*": 3,
							"*": 4.0
						},
						"whenNotInEmotionState": "fleeondamage",
						"seekingRange": 20
					},
					{
						"code": "fleeentity",
						"animation": "Run",
						"entityCodesByType": {
							"*": [ "player","bear-*","bell-*","bowtorn-*","drifter-*","shiver-*","hyena-*","locust-*", "wolf-*", "tyrannosauridae-*", "spinosauridae-*","dromaeosauridae-*","abelisauridae-*","mosasauridae-*","carcharodontosauridae-*",]
						},
						"priority": 2.1,
						"movespeedByType": {
							"*-baby-*": 0.010,
							"*-pachycephalosaurus-adult-*":0.06,
							"*-platytholus-adult-*":0.0524,
							"*-prenocephale-adult-*":0.0492,
							"*-stegoceras-adult-*":0.0504,
							"*-hanssuesia-adult-*":0.0488,
							"*-sinocephale-adult-*":0.0488,
							"*-sphaerotholus-adult-*":0.0484,
							"*-tylocephale-adult-*":0.0484,
							"*-homalocephale-adult-*":0.0476,
							"*-acrotholus-adult-*":0.0476,
							"*-goyocephale-adult-*":0.0462,
							"*-foraminacephale-adult-*":0.0462,
							"*-alaskacephale-adult-*":0.0462,
							"*-colepiocephale-adult-*":0.0442,
							"*-amtocephale-adult-*":0.0442,
							"*-wannanosaurus-adult-*":0.0424,
						},
						"animationSpeedByType": {
							"*-baby-*": 3,
							"*": 4.0
						},
						"seekingRange": 50,
						"whenInEmotionState": "fleeondamage"
					},
                    {
						"code": "getoutofwater",
						"animation": "Swim",
						"priority": 1.4,
						"movespeedByType": {
							"*-baby-*": 0.004,
							"*-adult-*": 0.008,

						},
						"animationSpeedByType": {
							"*-baby-*": 1,
							"*-adult-*": 1,
						},
					},
                    {
						"code": "stayclosetoentity",
						"animation": "Run",
						"enabledByType": {
							"*": true
						},
						"priority": 1.81,
						"entityCodeByType": {
							"*-adult-*": "pachycephalosauria-{type}-baby-{gender}",
							"*-baby-*": "pachycephalosauria-{type}-adult-female"},

						"maxDistanceByType": {"*-adult-*": 8,"*-baby-*": 5},
						"searchRange": 45,
						"movespeedByType": {
							"*-baby-*": 0.010,
							"*-pachycephalosaurus-adult-*":0.06,
							"*-platytholus-adult-*":0.0524,
							"*-prenocephale-adult-*":0.0492,
							"*-stegoceras-adult-*":0.0504,
							"*-hanssuesia-adult-*":0.0488,
							"*-sinocephale-adult-*":0.0488,
							"*-sphaerotholus-adult-*":0.0484,
							"*-tylocephale-adult-*":0.0484,
							"*-homalocephale-adult-*":0.0476,
							"*-acrotholus-adult-*":0.0476,
							"*-goyocephale-adult-*":0.0462,
							"*-foraminacephale-adult-*":0.0462,
							"*-alaskacephale-adult-*":0.0462,
							"*-colepiocephale-adult-*":0.0442,
							"*-amtocephale-adult-*":0.0442,
							"*-wannanosaurus-adult-*":0.0424,
						},
						"animationSpeedByType": {
							"*-baby-*": 3,
							"*": 4.0
						},
					},
                    {
						"code": "idle",
						"animation": "Sit",
						"priority": 1.2,
						"minduration": 20000,
						"maxduration": 240000,
						"mincooldown": 6000,
						"maxcooldown": 12000,
						"priorityForCancel": 1.28,
						"duringDayTimeFramesByType": {
							"*":[{"fromHour": 22,"toHour": 24},{"fromHour": 0,"toHour": 4},{"fromHour": 12,"toHour": 16}],
							},
						"stopOnNearbyEntityCodes": [ "player", "bear-*","hyena-male", "hyena-female","wolf-male", "wolf-female", "tyrannosauridae-*", "spinosauridae-*","dromaeosauridae-*","abelisauridae-*","mosasauridae-*",],
						"stopRange": 20,
						"animationSpeedByType": {
							"*-baby-*": 0.6,
							"*": 0.5
						},
						"stopOnHurt": true,
						"whenNotInEmotionState": "aggressiveondamage|aggressivearoundentities|fleeondamage"
					},
                    {
						"code": "idle",
						"animation": "Lie",
						"priority": 1.18,
						"minduration": 30000,
						"maxduration": 240000,
						"mincooldown": 6000,
						"maxcooldown": 12000,
						"priorityForCancel": 1.28,
						"duringDayTimeFramesByType": {
							"*":[{"fromHour": 22.5,"toHour": 24},{"fromHour": 0,"toHour": 4},{"fromHour": 12.5,"toHour": 16}],
							},
						"stopOnNearbyEntityCodes": [ "player", "bear-*","hyena-male", "hyena-female","wolf-male", "wolf-female", "tyrannosauridae-*", "spinosauridae-*","dromaeosauridae-*","abelisauridae-*","mosasauridae-*",],
						"stopRange": 10,
						"animationSpeedByType": {
							"*-baby-*": 0.6,
							"*": 0.5
						},
						"stopOnHurt": true,
						"whenNotInEmotionState": "aggressiveondamage|aggressivearoundentities|fleeondamage"
					},
                    {
						"code": "idle",
						"animation": "Sleep",
						"priority": 1.15,
						"minduration": 200000,
						"maxduration": 800000,
						"mincooldown": 1000,
						"maxcooldown": 3000,
						"animationSpeed": 0.3,
						"whenNotInEmotionState": "aggressiveondamage|aggressivearoundentities|fleeondamage",
						"duringDayTimeFramesByType": {
							"*":[{"fromHour": 22.75,"toHour": 24},{"fromHour": 0,"toHour": 4},{"fromHour": 12.75,"toHour": 15}],
							},
						"stopOnNearbyEntityCodes": [ "player" ],
						"stopRange": 1,
						"stopOnHurt": true
					},
                    {
						"code": "seekfoodandeat",
						"animation": "Walk",
						"eatAnimation": "Eat",

						"priority": 1.34,
						"eatSoundByType": {
							"*":"game:creature/animal-eat*"},
						"eatTime": 1.5,
						"eatLooseItems": true,
						"movespeedByType": {
							"*-baby-*": 0.0012,
							"*-pachycephalosaurus-adult-*":0.01,
							"*-platytholus-adult-*":0.0062,
							"*-prenocephale-adult-*":0.0046,
							"*-stegoceras-adult-*":0.0052,
							"*-hanssuesia-adult-*":0.0044,
							"*-sinocephale-adult-*":0.0044,
							"*-sphaerotholus-adult-*":0.0042,
							"*-tylocephale-adult-*":0.0042,
							"*-homalocephale-adult-*":0.0038,
							"*-acrotholus-adult-*":0.0038,
							"*-goyocephale-adult-*":0.0031,
							"*-foraminacephale-adult-*":0.0031,
							"*-alaskacephale-adult-*":0.0031,
							"*-colepiocephale-adult-*":0.0021,
							"*-amtocephale-adult-*":0.0021,
							"*-wannanosaurus-adult-*":0.0012,

						},
						"animationSpeedByType": {
							"*-baby-*": 1,
							"*-adult-*": 1,
						},
						"mincooldownHours": 1,
						"maxcooldownHours": 4,
						"whenNotInEmotionState": "aggressiveondamage|aggressivearoundentities|fleeondamage"
					},
                    {
						"code": "idle",
						"animation": "Eat",
						"priority": 1.2,
						"priorityForCancel": 1.35,
						"minduration": 2667,
						"maxduration": 2667,
						"mincooldown": 6000,
						"maxcooldown": 20000,
						"animationSpeed": 0.75,
						"soundByType": {"*":"game:creature/animal-eat*"},
						"whenNotInEmotionState": "aggressiveondamage|aggressivearoundentities|fleeondamage"
					},
                    {
						"code": "idle",
						"animation": "Roar",
						"priority": 0.5,
						"priorityForCancel": 1.5,
						"minduration": 4667,
						"maxduration": 4667,
						"chanceByType": {"*":0.01},
						"mincooldown": 8000,
						"maxcooldown": 50000,
						"animationSpeed": 0.5,
						"soundByType": {
							"*-adult-*": "creature/roar",
							"*-baby-*": "creature/baby"
						},
						"soundRangeByType": {
							"*-baby-*": 30,
							"*": 100
						},
						"whenNotInEmotionState": "aggressiveondamage|aggressivearoundentities|fleeondamage"
					},
                    {
						"code": "wander",
						"animation": "Walk",
						"priority": 1.0,
						"priorityForCancel": 1.35,
						"chance": 0.0005,
						"duringDayTimeFramesByType": {"*-adult-*":[{"fromHour": 18,"toHour": 19},{"fromHour": 6,"toHour": 7}]},
						"movespeedByType": {
							"*-baby-*": 0.0012,
							"*-pachycephalosaurus-adult-*":0.01,
							"*-platytholus-adult-*":0.0062,
							"*-prenocephale-adult-*":0.0046,
							"*-stegoceras-adult-*":0.0052,
							"*-hanssuesia-adult-*":0.0044,
							"*-sinocephale-adult-*":0.0044,
							"*-sphaerotholus-adult-*":0.0042,
							"*-tylocephale-adult-*":0.0042,
							"*-homalocephale-adult-*":0.0038,
							"*-acrotholus-adult-*":0.0038,
							"*-goyocephale-adult-*":0.0031,
							"*-foraminacephale-adult-*":0.0031,
							"*-alaskacephale-adult-*":0.0031,
							"*-colepiocephale-adult-*":0.0021,
							"*-amtocephale-adult-*":0.0021,
							"*-wannanosaurus-adult-*":0.0012,

						},
						"animationSpeedByType": {
							"*-baby-*": 1,
							"*-adult-*": 1,
						},
						"preferredLightLevel": 24,
						"whenNotInEmotionState": "aggressiveondamage|aggressivearoundentities|fleeondamage"
					},
					{
						"code": "stayclosetoentity",
						"animation": "Run",
						"priority": 2,
						"enabledByType":{
							"*-baby-*":false,
							"*-adult-*":true,
                        },
						"entityCodeByType": {
							"*-adult-*": "hitch"
							},
						"movespeedByType": {
							"*-baby-*": 0.010,
							"*-pachycephalosaurus-adult-*":0.06,
							"*-platytholus-adult-*":0.0524,
							"*-prenocephale-adult-*":0.0492,
							"*-stegoceras-adult-*":0.0504,
							"*-hanssuesia-adult-*":0.0488,
							"*-sinocephale-adult-*":0.0488,
							"*-sphaerotholus-adult-*":0.0484,
							"*-tylocephale-adult-*":0.0484,
							"*-homalocephale-adult-*":0.0476,
							"*-acrotholus-adult-*":0.0476,
							"*-goyocephale-adult-*":0.0462,
							"*-foraminacephale-adult-*":0.0462,
							"*-alaskacephale-adult-*":0.0462,
							"*-colepiocephale-adult-*":0.0442,
							"*-amtocephale-adult-*":0.0442,
							"*-wannanosaurus-adult-*":0.0424,
						},
						"animationSpeedByType": {
							"*-baby-*": 3,
							"*": 4.0
						},
						"maxDistance": 6,
						"searchRange": 10,

					},
					{
						"code": "seekentity",
						"animation": "Run",
						"enabledByType": {
							"*-baby-*": false,
							"*": true},
						"entityCodesByType": {"*-adult-*":["hitch"],},
						"priority": 1.1,
						"seekingRange": 5,
						"belowTempSeekingRange": 5,
						"movespeedByType": {
							"*-baby-*": 0.010,
							"*-pachycephalosaurus-adult-*":0.06,
							"*-platytholus-adult-*":0.0524,
							"*-prenocephale-adult-*":0.0492,
							"*-stegoceras-adult-*":0.0504,
							"*-hanssuesia-adult-*":0.0488,
							"*-sinocephale-adult-*":0.0488,
							"*-sphaerotholus-adult-*":0.0484,
							"*-tylocephale-adult-*":0.0484,
							"*-homalocephale-adult-*":0.0476,
							"*-acrotholus-adult-*":0.0476,
							"*-goyocephale-adult-*":0.0462,
							"*-foraminacephale-adult-*":0.0462,
							"*-alaskacephale-adult-*":0.0462,
							"*-colepiocephale-adult-*":0.0442,
							"*-amtocephale-adult-*":0.0442,
							"*-wannanosaurus-adult-*":0.0424,
						},
						"animationSpeedByType": {
							"*-baby-*": 3,
							"*": 4.0
						},
					},


				]
            },
			{"code": "pettable","minGeneration": 2},
			{"code": "ropetieable","minGeneration": 2},

        ],
	"spawnconditions": {
		"worldgen": {
			"chanceByType": {"*-baby-*": 0.0},
			"maxQuantityByGroup": { "code": "pachycephalosauria-*", "maxQuantity": 1 },
			"triesPerChunk": { "avg": 0.001, "var": 0},
			"tryOnlySurface": true,
			"insideBlockCodes": ["game:air","game:tallgrass-*","game:gravel-*","game:sand-*","game:snowlayer-1","game:soil-*"],
			"groupSizeByType": {
				"*-adult-male":{ "dist": "uniform","avg": 4,"var": 1},
				"*-adult-female":{ "dist": "uniform","avg": 10,"var": 5},
				"*":{ "dist": "uniform","avg": 0,"var": 0},
			},
			"companionsByType":{
				"*-adult-male":["pachycephalosauria:pachycephalosauria-{type}-adult-male"],
				"*-adult-female":["pachycephalosauria:pachycephalosauria-{type}-adult-female","pachycephalosauria:pachycephalosauria-{type}-adult-female","pachycephalosauria:pachycephalosauria-{type}-adult-female","pachycephalosauria:pachycephalosauria-{type}-adult-male", "pachycephalosauria:pachycephalosauria-{type}-baby-female","pachycephalosauria:pachycephalosauria-{type}-baby-male","pachycephalosauria:pachycephalosauria-{type}-baby-female","pachycephalosauria:pachycephalosauria-{type}-baby-male"],
			},

		},
		"runtime": {
			"group": "neutral",
			"MinDistanceToPlayer": 100,
			"tryOnlySurface": true,
			"chanceByType": {"*-adult-*": 0.00001,"*":0.00,},
			"maxQuantityByGroup": { "code": "pachycephalosauria-*", "maxQuantity": 1 },
			"triesPerChunk": { "avg": 0.0, "var": 0},
			"maxLightLevel": 7,
			"lightLevelType": "onlyBlockLight",
			"spawnCapPlayerScaling": 0.0,
			"insideBlockCodes": ["game:air","game:tallgrass-*","game:gravel-*","game:sand-*","game:snowlayer-1","game:soil-*"],
			"groupSizeByType": {
				"*-adult-male":{ "dist": "uniform","avg": 4,"var": 1},
				"*-adult-female":{ "dist": "uniform","avg": 10,"var": 5},
				"*":{ "dist": "uniform","avg": 0,"var": 0},
			},
			"companionsByType":{
				"*-adult-male":["pachycephalosauria:pachycephalosauria-{type}-adult-male"],
				"*-adult-female":["pachycephalosauria:pachycephalosauria-{type}-adult-female","pachycephalosauria:pachycephalosauria-{type}-adult-female","pachycephalosauria:pachycephalosauria-{type}-adult-female","pachycephalosauria:pachycephalosauria-{type}-adult-male", "pachycephalosauria:pachycephalosauria-{type}-baby-female","pachycephalosauria:pachycephalosauria-{type}-baby-male","pachycephalosauria:pachycephalosauria-{type}-baby-female","pachycephalosauria:pachycephalosauria-{type}-baby-male"],
			},
		}
	},
    "spawnconditionsByType": {
			"*-pachycephalosaurus-adult-*": {
				"climate": {
					"minTemp": 12,
					"maxTemp": 28,
					"minRain": 0.7,
					"maxRain": 1.0,
					"minForestOrShrubs": 0.6,
					"maxForest": 1.0,
					"maxShrubs": 0.5,
					"minY": 1.0,
					"maxY": 1.1
				},
					},
			"*-platytholus-adult-*": {
						"climate": {
							"minTemp": 12,
							"maxTemp": 28,
							"minRain": 0.7,
							"maxRain": 1.0,
							"minForestOrShrubs": 0.6,
							"maxForest": 1.0,
							"maxShrubs": 0.5,
							"minY": 1.0,
							"maxY": 1.1
						},
					},
			"*-prenocephale-adult-*": {
						"climate": {
							"minTemp": 20,
							"maxTemp": 35,
							"minRain": 0.1,
							"maxRain": 0.4,
							"minForestOrShrubs": 0.0,
							"maxForest": 0.2,
							"maxShrubs": 1.0,
							"minY": 1.0,
							"maxY": 1.3
						},
					},
			"*-stegoceras-adult-*": {
						"climate": {
							"minTemp": 12,
							"maxTemp": 28,
							"minRain": 0.7,
							"maxRain": 1.0,
							"minForestOrShrubs": 0.6,
							"maxForest": 1.0,
							"maxShrubs": 0.5,
							"minY": 1.0,
							"maxY": 1.1
						},
					},
			"*-hanssuesia-adult-*": {
						"climate": {
							"minTemp": 12,
							"maxTemp": 28,
							"minRain": 0.7,
							"maxRain": 1.0,
							"minForestOrShrubs": 0.6,
							"maxForest": 1.0,
							"maxShrubs": 0.5,
							"minY": 1.0,
							"maxY": 1.1
						},
					},
			"*-sinocephale-adult-*": {
						"climate": {
							"minTemp": 15,
							"maxTemp": 30,
							"minRain": 0.5,
							"maxRain": 0.8,
							"minForestOrShrubs": 0.3,
							"maxForest": 0.7,
							"maxShrubs": 0.8,
							"minY": 1.0,
							"maxY": 1.2
						},
					},
			"*-sphaerotholus-adult-*": {
						"climate": {
							"minTemp": 15,
							"maxTemp": 30,
							"minRain": 0.5,
							"maxRain": 0.8,
							"minForestOrShrubs": 0.3,
							"maxForest": 0.7,
							"maxShrubs": 0.8,
							"minY": 1.0,
							"maxY": 1.2
						},
					},
			"*-tylocephale-adult-*": {
						"climate": {
							"minTemp": 20,
							"maxTemp": 35,
							"minRain": 0.1,
							"maxRain": 0.4,
							"minForestOrShrubs": 0.0,
							"maxForest": 0.2,
							"maxShrubs": 1.0,
							"minY": 1.0,
							"maxY": 1.3
						},
					},
			"*-homalocephale-adult-*": {
						"climate": {
							"minTemp": 20,
							"maxTemp": 35,
							"minRain": 0.1,
							"maxRain": 0.4,
							"minForestOrShrubs": 0.0,
							"maxForest": 0.2,
							"maxShrubs": 1.0,
							"minY": 1.0,
							"maxY": 1.3
						},
					},
			"*-acrotholus-adult-*": {
						"climate": {
							"minTemp": 12,
							"maxTemp": 28,
							"minRain": 0.7,
							"maxRain": 1.0,
							"minForestOrShrubs": 0.6,
							"maxForest": 1.0,
							"maxShrubs": 0.5,
							"minY": 1.0,
							"maxY": 1.1
						},
					},
			"*-goyocephale-adult-*": {
						"climate": {
							"minTemp": 15,
							"maxTemp": 30,
							"minRain": 0.5,
							"maxRain": 0.8,
							"minForestOrShrubs": 0.3,
							"maxForest": 0.7,
							"maxShrubs": 0.8,
							"minY": 1.0,
							"maxY": 1.2
						},
					},
			"*-foraminacephale-adult-*": {
						"climate": {
							"minTemp": 15,
							"maxTemp": 30,
							"minRain": 0.5,
							"maxRain": 0.8,
							"minForestOrShrubs": 0.3,
							"maxForest": 0.7,
							"maxShrubs": 0.8,
							"minY": 1.0,
							"maxY": 1.2
						},
					},
			"*-alaskacephale-adult-*": {
						"climate": {
							"minTemp": 0,
							"maxTemp": 20,
							"minRain": 0.6,
							"maxRain": 0.9,
							"minForestOrShrubs": 0.3,
							"maxForest": 0.6,
							"maxShrubs": 0.7,
							"minY": 1.0,
							"maxY": 1.1
						},
					},
			"*-colepiocephale-adult-*": {
						"climate": {
							"minTemp": 12,
							"maxTemp": 28,
							"minRain": 0.7,
							"maxRain": 1.0,
							"minForestOrShrubs": 0.6,
							"maxForest": 1.0,
							"maxShrubs": 0.5,
							"minY": 1.0,
							"maxY": 1.1
						},
					},
			"*-amtocephale-adult-*": {
						"climate": {
							"minTemp": 15,
							"maxTemp": 30,
							"minRain": 0.5,
							"maxRain": 0.8,
							"minForestOrShrubs": 0.3,
							"maxForest": 0.7,
							"maxShrubs": 0.8,
							"minY": 1.0,
							"maxY": 1.2
						},
					},
			"*-wannanosaurus-adult-*": {
						"climate": {
							"minTemp": 12,
							"maxTemp": 28,
							"minRain": 0.7,
							"maxRain": 1.0,
							"minForestOrShrubs": 0.6,
							"maxForest": 1.0,
							"maxShrubs": 0.5,
							"minY": 1.0,
							"maxY": 1.1
						},
					},
			"*": {
					"climate": {
						"minTemp": 40,
						"maxTemp": 40,
						"minRain": 0,
						"maxRain": 0,
						"minForestOrShrubs": 0,
						"maxForest": 0,
						"maxShrubs": 0,
						"minY": 0,
						"maxY": 0
					},
					"worldgen": {
						"triesPerChunk": { "avg": 0.0, "var": 0}
					},
					"runtime": {
						"maxQuantityByGroup": { "code": "pachycephalosauria-*", "maxQuantity": 0 },
						"chanceByType": {"*-baby-*": 0.0},
					}
				},
		}
    },

    "soundsByType": {
		"*-pachycephalosaurus-adult-*":{
			"hurt": "creature/hurt",
			"death": "creature/death",
			"idle": "creature/idle"
		},
		"*":{
			"hurt": "creature/baby",
			"death": "creature/baby",
			"idle": "creature/baby"
		},
		"idleSoundChance": 0.1
	}
}
